Date,Time,Lat,Lang,Depth(KM),Magnitude,Region
2012

01/01/2012,02:35:19,23.5°N,91.8°E,12,4.2,SOUTHERN TRIPURA
01/01/2012,05:27:55,31.5°N,138.1°E,360,6.7,"IZU ISLANDS, JAPAN REGION"
01/01/2012,18:09:07,04.7°N,96.5°E,44,5.1,"NORTHERN SUMATRA,INDONESIA"
03/01/2012,17:32:28,07.8°N,92.2°E,26,4.4,ANDAMAN SEA
04/01/2012,16:31:24,33.7°N,75.0°E,10,4.0,JAMMU & KASHMIR
09/01/2012,04:07:17,10.6°S,165.1°E,35,6.6,SANTA CRUZ ISLANDS
10/01/2012,18:36:57,02.5°N,93.2°E,10,7.3,OFF WEST COAST OF NORTHERN SUMATRA
11/01/2012,22:23:19,25.3°N,94.7°E,10,4.0,MANIPUR (INDIA) MYANMAR BORDER REGION
13/01/2012,04:34:14,02.3°N,93.0°E,31,5.0,OFF THE WEST  COAST OF NORTHERN SUMATRA
13/01/2012,22:49:58,36.0°N,70.4°E,87,5.0,"HINDU KUSH REGION, AFGHANISTAN"
15/01/2012,13:40:20,60.7°S,55.4°W,36,6.5,SOUTH SHETLAND ISLANDS
16/01/2012,05:01:00,29.7°N,78.9°E,10,3.6,PAURI (GARHWAL) UTTARAKHAND
18/01/2012,14:12:52,27.3°N,88.5°E,5,3.4,"SIKKIM, INDIA"
19/01/2012,06:48:51,45.7°S,165.5°E,36,6.1,"OFF WEST COAST OF SOUTH ISLAND,N.Z."
20/01/2012,21:28:42,09.7°N,92.5°E,10,4.3,NICOBAR  ISLANDS  REGION
21/01/2012,18:47:14,15.0°N,93.0°W,56,6.3,"OFFSHORE CHIAPAS,MEXICO"
24/01/2012,00:52:06,24.8°S,178.5°E,582,6.2,SOUTH OF THE FIJI ISLANDS
27/01/2012,09:54:34,03.3°N,93.2°E,10,5.1,OFF WEST  COAST OF NORTHERN SUMATRA
28/01/2012,14:47:23,02.2°N,96.9°E,66,5.2,"NORTHERN  SUMATRA, INDONESIA"
28/01/2012,17:42:51,29.3°S,177.4°W,10,6.0,"KERMADEC ISLANDS, NEW ZELAND"
28/01/2012,23:24:52,28.8°N,76.7°E,10,3.5,"ROHTAK-SONIPAT DISTT BORDER REGION,HARYANA"
29/01/2012,21:37:05,28.8°N,76.8°E,10,3.2,"ROHTAK-SONIPAT DISTT  BORDER REGION,HARYANA"
30/01/2012,05:11:01,14.1°S,75.5°W,45,6.4,NEAR THE COAST OF CENTRAL PERU
30/01/2012,13:20:36,02.7°S,97.1°E,15,5.1,"NORTHERN SUMATRA, INDONESIA"
30/01/2012,22:58:02,07.9°N,94.0°E,10,4.3,OFF EAST COAST OF NICOBAR ISLAN
01/03/2012,17:52:40,13.1°N,92.5°E,10,5,ANDAMAN ISLANDS REGION
02/03/2012,12:41:35,07.5°N,94.0°E,5,4.8,"NICOBAR ISLANDS REGION,INDIA"
03/03/2012,12:19:57,22.1°S,170.0°E,26,6.6,SOUTH EAST OF LOYALTY ISLANDS
05/03/2012,06:55:32,04.2°N,97.2°E,10,5.1,"NORTHERN SUMATRA ,INONESIA"
05/03/2012,07:41:04,28.7°N,76.6°E,16,5.0,HARYANA - DELHI BORDER REGION
05/03/2012,07:46:08,28.3°S,63.3°W,540,6.0,"SANTIAGO DEL ESTERO, ARGENTINA"
06/03/2012,02:52:42,08.9°N,93.9°E,10,5.4,NICOBAR ISLANDS REGION
06/03/2012,02:59:33,08.7°N,93.8°E,47,4.9,NICOBAR ISLANDS REGIONS
07/03/2012,13:18:19,32.1°N,78.1°E,20,3.8,"SPITI, HIMACHAL PRADESH"
08/03/2012,22:50:03,39.3°N,81.5°E,10,5.9,"SOUTHERN XINJIANG, CHINA"
09/03/2012,07:09:52,18.9°S,169.7°E,40,6.9,VANUATU
10/03/2012,18:06:33,08.8°N,94.0°E,18,4.5,NICOBAR ISLANDS REGION
10/03/2012,20:58:04,09.2°N,94.3°E,10,4.6,NICOBAR ISLANDS REGION
12/03/2012,06:06:44,36.8°N,73.4°E,33,5.8,INDIA (J&K) -PAKISTAN BORDER
12/03/2012,22:07:20,28.9°N,77.3°E,5,3.5,"BAGHPAT, UTTAR PRADESH"
14/03/2012,09:08:36.0,41.1°N,145.0°E,14,6.9,"OFF THE EAST COAST OF HONSHU, JAPAN"
14/03/2012,10:49:23.0,40.9°N,144.8°E,15,6.0,"OFF THE EAST COAST OF HONSHU, JAPAN"
14/03/2012,12:05:05.0,35.7°N,140.8°E,14,6.0,"NEAR THE EAST COAST OF HONSHU ,JAPAN"
14/03/2012,21:13:13,05.6°S,151.0°E,70,6.4,"NEW BRITAIN REGION, PAPUA NEW GUINEA"
15/03/2012,14:56:00,10.8°N,93.9°E,20,4.8,ANDAMAN SEA
20/03/2012,10:18:48,09.5°N,93.3°E,10,4.8,ANDAMAN SEA
20/03/2012,17:56:19,03.8°S,140.3°E,64,6.2,"PAPAUA, INDONESIA"
20/03/2012,18:02:52,16.8°N,98.2°W,55,7.6,"GUERRERO, MEXICO"
21/03/2012,22:15:09,06.2°S,146.0°E,110,6.5,"NEW GUINEA ,PAPUA NEW GUINEA"
25/03/2012,22:37:07,35.2°S,71.8°W,36,7.0,"MAULE,CHILE"
27/03/2012,04:49:27,11.2°N,78.6°E,10,3.6,"TIRUCHCHIRAPPALLI, TAMIL NADU"
27/03/2012,11:00:47,40.0°N,142.1°E,36,6.0,"NEAR EAST COAST OF HONSHU, JAPAN"
27/03/2012,23:40:08,26.1°N,87.8°E,12.0,4.9,INDIA - NEPAL BORDER REGION
30/03/2012,22:02:12,04.7°N,95.1°E,64,5.1,"NORTHERN SUMATRA, INDONESIA"
31/03/2012,04:16:54,36.5°N,71.3°E,218,5.2,"HINDUKUSH REGION, AFGHANISTAN"
01/04/2012,14:04:25,37.2°N,141.0°E,50,6.0,"EASTERN HONSHU, JAPAN"
02/04/2012,17:36:46,16.5°N,98.3°W,33,6.0,"OAXACA, MEXICO"
11/04/2012,08:38:35,2.3°N,93.0°E,10,8.5,OFF WEST COAST OF NORTHERN SUMATRA
11/04/2012,09:28:01,2.4°N,91.9°E,5,6.1,OFF WEST COAST OF NORTHERN SUMATRA
11/04/2012,10:43:11,00.8°N,92.4°E,18,8.1,OFF WEST COAST OF NORTHERN SUMATRA
11/04/2012,22:55:12,18.3°N,102.7°W,30,6.9,"MICHOACAN, MEXICO"
12/04/2012,07:15:48,29.2°N,112.6°W,100,6.5,GULF OF CALIFORNIA
14/04/2012,03:23:04,23.5°N,71.0°E,07,4.0,"RANN OF KACHCHH, GUJARAT"
14/04/2012,05:27:40,17.4°N,73.8°E,10,4.9,"SATARA DIST., MAHARASHTRA"
14/04/2012,06:17:31,17.0°N,73.5°E,10,4.0,"NEAR RATNAGIRI, MAHARASHTRA"
14/04/2012,10:56:19,57.5°S,65.6°W,20,6.1,"DRAKE PASSAGE,SOUTH ATLANTIC OCEAN"
15/04/2012,05:57:38,02.5°N,90.2°E,16,6.3,OFF WEST COAST OF NORTHERN SUMATARA
17/04/2012,09:20:13,32.3°S,71.6°W,10,6.4,"VALPARAISO, CHILE"
17/04/2012,07:13:51,05.5°S,147.1°E,206,6.9,"EASTERN NEW GUINEA REG., P.N.G."
17/04/2012,19:03:56,59.1°S,16.5°W,10,6.2,EAST OF SOUTH SANDWICH ISLANDS
20/04/2012,23:14:34,02.2°N,93.4°E,33,6.1,OFF WEST COAST OF NORTHERN SUMATRA
21/04/2012,01:16:52,01.7°S,134.2°E,15,6.7,"NEAR THE NORTH COAST OF PAPUA,INDONESIA"
24/04/2012,14:57:10,09.0°N,94.1°E,10,5.5,NICOBAR ISLANDS REGION
24/04/2012,19:14:41,09.1°N,93.9°E,10,5.0,NICOBAR ISLANDS REGION
25/04/2012,07:42:23,08.9°N,94.1°E,10,5.8,NICOBAR ISLANDS REGION
25/04/2012,07:53:26,09.1°N,94.0°E,10,5.1,NICOBAR ISLANDS REGION
26/04/2012,19:21:47,02.8°N,94.6°E,33,5.5,OFF WEST COAST OF NORTHERN SUMATRA
28/04/2012,10:08:02,18.7°S,174.6°W,80,6.7,TONGA ISLANDS
30/04/2012,08:00:10,01.8°N,89.7°E,10,5.6,NORTH INDIAN OCEAN
30/04/2012,13:06:59,14.5°N,93.2°E,10,5.3,ANDAMAN ISLANDS
01/05/2012,22:43:12.,26.2°N,92.2°E,13,3.8,"MARIGAON, ASSAM"
02/05/2012,09:57:32,08.9°N,93.8°E,15,4.7,NICOBAR ISLANDS
02/05/2012,23:12:14,28.2°N,76.3°E,05,3.5,"DISTT MAHENDRAGARH, HARYANA"
03/05/2012,01:18.03,10.5°N,93.2°E,10,5.1,ANDAMAN ISLANDS
03/05/2012,04:59:35,08.9°N,93.8°E,33,4.8,NICOBAR ISLANDS REGION
03/05/2012,06:42:35,36.3°N,70.7°E,115,5.1,HINDU KUSH REGION AFGHANISTAN
04/05/2012,20:09:26,27.5°N,95.1°E,15,4.4,"DISTT. DIBRUGARH, ASSAM"
06/05/2012,05:42:59,32.4°N,76.3°E,05,3.6,"DISTT CHAMBA, HIMACHAL PRADESH"
09/05/2012,18:05:58,34.3°N,74.5°E,08,3.4,JAMMU AND KASHMIR
10/05/2012,22:00:40,30.2°N,79.4°E,05,3.9,"DISTT CHAMOLI, UTTRAKHAND"
11/05/2012,12:41:28,26.6°N,93.0°E,20,5.4,ASSAM
12/05/2012,23:28:41,38.5°N,70.0°E,10,6.0,AFGHANISTAN-TAJIKISTAN.BORDER.REGION
14/05/2012,10:00:28,17.6°S,69.8°W,10,6.3,TRAPACA.CHILE
17/05/2012,13:39:19,28.9°N,76.7°E,27,3.5,"DISTT.ROHTAK, HARYANA"
19/05/2012,08:35:08,25.8°S,70.6°W,10,6.0,"ANTOFAGSTA,CHILE"
20/05/2012,02:03:52,44.8°N,11.2°E,10,6.0,NORTHERN ITALY
20/05/2012,07:19:54,39.7°N,143.3°E,10,6.2,"OFF THE EAST COAST OF HONSHU, JAPAN"
22/05/2012,12:19:49,25.2°N,94.4°E,63,4.0,INDIA(MANIPUR)--MYANMAR BORDER REGION
24/05/2012,19:39:28,14.5°N,93.2°E,33.0,5.0,OFF NORTH COAST OF NORTH  ANDAMAN  ISLANDS
27/05/2012,15:01:28,26.7°N,91.6°E,18,4.5,"KAMRUP, ASSAM"
28/05/2012,05:07:22,28.2°S,63.3°W,580,6.4,"SANTIAGO DEL ESTERO, ARGENTINA"
30/05/2012,01:54:28,27.4°N,88.0°E,10,4.0,SIKKIM-NEPAL  BORDER REGION
30/05/2012,13:23:03,08.4°N,91.8°E,25,4.7,NICOBAR ISLANDS REGION
01/06/2012,19:11:33,29.0°N,95.5°E,33,4.0,INDIA (ARUNACHAL PRADESH)-XIZANG BORDER REGION
01/06/2012,23:39:34,30.4°N,79.2°E,10,3.7,"DISTT. CHAMOLI, UTTARANCHAL"
03/06/2012,23:19:04,35.3°N,80.4°E,10,3.1,"KASHMIR, INDIA"
04/06/2012,00:45:15,05.2°N,82.7°W,10,6.4,PANAMA
04/06/2012,03:15:24,05.4°N,82.5°W,10,6.0,PANAMA
05/06/2012,11:01:20,05.6°N,94.7°E,51,5.5,NORTHERN SUMATRA INDONESIA
09/06/2012,08:14:41,20.1°N,82.9°E,5,3.9,"KALAHANDI, ORISSA"
11/06/2012,04:35:56,27.2°N,88.3°E,5,3.8,SIKKIM-NEPAL BORDER REGION
11/06/2012,05:02:10,36.7°N,69.9°E,20,5.4,"HINDUKUSH REGION, AFGHANISTAN"
11/06/2012,05:29:11,36.1°N,69.3°E,33,5.7,"HINDUKUSH REGION, AFGHANISTAN"
12/06/2012,01:09:43,22.2°N,78.8°E,10,3.4,"CHHINDWARA, MADHYA PRADESH"
13/06/2012,03:16:03,28.7°N,76.6°E,10,2.8,"ROHTAK, HARYANA"
13/06/2012,11:20:39,25.9°N,92.7°E,28,3.4,"KARBI ANGLONG, ASSAM"
16/06/2012,05:38:31,26.3°N,92.8°E,33,3.8,"NAGAON, ASSAM"
17/06/2012,20:32:22,38.9°N,141.9°E,55,6.2,"NEAR THE EAST  COAST OF HONSHU, JAPAN"
19/06/2012,14:00:08,28.7°N,76.6°E,5,3.8,"DISTT. JHAJJAR, HARYANA"
19/06/2012,20:14:02,23.6°N,70.4°E,10,5.1,"KACHCHH, GUJARAT"
20/06/2012,08:46:25,11.1°N,76.0°E,05,3.4,"MALAPPURAM, KERALA"
22/06/2012,02:44:42,29.0°N,77.1°E,07,3.5,"SONIPAT, HARYANA"
22/06/2012,04:38:47,29.0°N,77.0°E,15,3.4,"SONIPAT, HARYANA"
23/06/2012,04:34:54,03.0°N,97.9°E,103,6.0,"NORTHERN SUMATRA, INDONESIA"
24/06/2012,03:15:00,57.6°N,163.3°E,10,6.2,"NEAR EAST COAST OF KAMCHATAKA,RUSSIA"
24/06/2012,07:59:34,27.8°N,100.8°E,10,5.6,"SICHUAN,CHINA"
29/06/2012,05:29:59,24.2°N,91.9°E,15,3.7,INDIA (TRIPURA) - BANGLADESH BORDER REGION
29/06/2012,21:07:35,43.4°N,84.7°E,10,6.3,"NORTHERN XINJIANG,CHINA"
30/06/2012,19:43:22,28.7°N,96.2°E,10,4.8,INDIA( ARUNACHAL PRADESH )-XIZANG BORDER REGION
01/07/2012,04:13:52,25.7°N,94.6°E,50,5.8,"PHEK,NAGALAND"
02/07/2012,10:07:12,28.6°N,76.3°E,07,3.3,"BHIWANI,HARYANA"
03/07/2012,10:36:16,40.0°S,173.7°E,240,6.2,"COOK STRAIT, NEW ZEALAND"
05/07/2012,09:29:33,25.7°N,94.2°E,20,3.1,NAGALAND
06/07/2012,02:28:23,14.6°S,167.2°E,170,6.3,VANATU
09/07/2012,20:13:08,25.5°N,96.3°E,10,5.2,MYANMAR
10/07/2012,13:03:41,26.5°N,93.2°E,56,4.5,"KARBI ANGLONG, ASSAM"
10/07/2012,15:53:57,25.7°N,91.7°E,5,3.5,"WEST KHASI HILLS, MEGHALAYA"
11/07/2012,17:23:26,29.5°N,81.3°E,10,4.4,WESTERN NEPA
12/07/2012,14:00:32,36.5°N,70.9°E,170,6.3,"HINDUKUSH REGION ,AFGHANISTAN"
12/07/2012,14:44:53,36.5°N,71.1°E,126,5.1,"HINDUKUSH REGION ,AFGHANISTAN"
14/07/2012,19:55:18,25.5°N,94.2°E,35,5.5,"KOHIMA,NAGALAND"
19/07/2012,07:36:34,37.3°N,71.4°E,92,5.6,AFGHANISTAN-TAJIKISTAN BORDER REGION
20/07/2012,06:10:26,49.5°N,156.0°E,25,6.1,KURIL ISLANDS
20/07.2012,06:33:00,49.4°N,156.2°E,36,6.2,KURIL ISLANDS
22/07/2012,02:11:10,25.1°N,96.3°E,10,5.2,MYANMAR
25/07/2012,00:27:48,02.7°N,96.1°E,45,6.4,"NORTHERN SUMATRA, INDONESIA"
25/07/2012,11:20:31,09.6°S,159.7°E,15,6.5,SOLOMON ISLANDS
26/07/2012,01:06:31,38.3°N,74.0°E,125,5.5,TAJIKISTAN
26/07/2012,05:31:36,33.2°N,76.3°E,05,3.8,J&K ---HIMACHAL BORDER REGION
26/07/2012,05:33:36,17.6°S,66.2°E,26,6.5,MAURITIUS-REUNION REGION
28/07/2012,05:48:06,29.7°N,80.7°E,10,4.5,NEPAL -INDIA (UTTRAKHAND)_BORDER REGION
28/07/2012,20:03:58,04.6°S,153.0°E,40,6.5,"NEW IRELAND REGION, P.N.G"
29/07/2012,02:21:12,23.0°N,94.2°E,70,6.0,MYANMAR
02/08/2012,09:38:32,08.4°S,74.3°W,156,6.0,CENTRAL  PERU
02/08/2012,09:56:44,04.7°S,153.1°E,56,6.1,"NEW IRELAND REGION, P.N.G"
05/08/2012,06:36:49,24.8°N,91.8°E,19,4.3,INDIA - BANGLADESH BORDER REGION
06/08/2012,18:29:45,32.8°N,76.4°E,10,3.2,"LAHUL & SPITI,HIMACHAL PRADESH"
09/08/2012,04:08:51,26.2°N,93.6°E,26,3.1,"KARBI ANGLONG, ASSAM"
09/08/2012,13:12:05,28.4°N,86.7°E,10,4.8,TIBET
10/08/2012,04:41:46,01.9°N,97.1°E,10,5.3,"NORTHERN SUMATRA, INDONESIA"
10/08/2012,18:37:44,52.8°N,167.5°W,30,6.2,"FOX ISLANDS , ALEUTIAN ISLANDS, ALASKA"
11/08/2012,12:23;17,38.4°N,46.7°E,10,6.2,NORTHWESTERN IRAN
11/08/2012,12:34:35,38.4°N,46.5°E,10,6.4,NORTHWESTERN IRAN
12/08/2012,10:47:08,35.8°N,82.6°E,10,6.2,"XIZANG, CHINA"
13/08/2012,20:32:59,34.8°N,73.7°E,30,5.2,INDIA (J&K)-PAKISTAN BORDER REGION
14/08/2012,02:59:37,49.8°N,145.2°E,570,7.2,SEA OF OKHOTSK
14/08/2012,15:17:01,26.4°N,93.1°E,42,3.2,"KARBI ANGLONG, ASSAM"
18/08/2012,09:41:53,01.3°S,120.0°E,10,6.2,"SULAWESI,INDONESIA"
19/08/2012,01:57:05,05.1°N,94.8°E,30,5.1,"NORTHERN SUMATRA, INDONESIA"
19/08/2012,09:24:49,26.7°N,92.5°E,35,5.0,"TEZPUR, ASSAM"
19/08/2012,19:04:56,26.7°N,92.6°E,40,4.0,"SONITPUR, ASSAM"
19/08/2012,22:41:49,04.8°S,144.6°E,70,6.2,PAPUA NEW GUINEA
20/08/2012,11:18:28,03.4°N,92.9°E,21,5.2,OFF WEST  COAST OF NORTHERN SUMATRA
23/08/2012,16:30:19,28.4°N,82.7°E,10,5.0,NEPAL
26/08/2012,15:05:33,02.2°N,126.8°E,76,6.5,MOLUCCA SEA
27/08/2012,04:37:20,12.3°N,88.5°W,50,7.2,OFF SHORE  EL  SALVADORE
27/08/2012,09:01:24,02.5°N,99.0°E,155,5.3,"NORTHERN SUMATRA, INDONESIA"
27/08/2012,12:05:23,10.3°N,92.8°E,48,5.0,OFF EAST COAST OF LITTLE ANDAMAN
28/08/2012,15:51:06,04.5°N,93.0°E,10,5.6,OFF WEST COAST OF NORTHERN SUMATRA
30/08/2012,13:43:29,71.3°N,10.8°W,25,6.6,JAN MAYEN ISLAND REGION
31/08/2012,03:43:36,20.8°N,85.0°E,20,3.7,"DISTT ANUGUL, ODISHA"
31/08/2012,12:47:32,10.9°N,126.8°E,35,7.7,PHILIPPINE ISLANDS REGION
03/09/2012,18:23:05,10.8°S,113.9°E,10,6.4,"SOUTH OF JAVA, INDONESIA"
04/09/2012,07:42:35,26.3°N,92.5°E,20,3.1,"DISTT. MARIGAON, ASSAM"
05/09/2012,13:09:12,12.5°S,166.3°E,36,6.0,SANTA CRUZ ISLANDS
05/09/2012,14:42:10,10.0°N,85.5°W,33,7.6,COSTA RICA
06/09/2012,18:27:09,25.7°N,91.1°E,10,4.2,"WEST KHASI HILLS, MEGHALAYA"
08/09/2012,07:18:16,06.6°N,95.5°E,230,5.0,ANDAMAN SEA
08/09/2012,10:51:44,03.2°S,135.0°E,20,6.0,"PAPUA, INDONESIA"
10/09/2012,06:19:22,13.6°N,92.7°E,45,5.0,ANDAMAN ISLANDS
10/09/2012,14:35:45,10.7°N,93.8°E,40,5.2,ANDAMAN  SEA
10/09/2012,15:43:07,17.4°N,73.5°E,10,3.2,"KOYNA REGION, MAHARASHTRA"
10/09/2012,18:52:17,10.7°N,93.7°E,35,4.5,ANDAMAN SEA
11/09/2012,11:09:50,23.9°N,94.0°E,10,4.0,INDIA(MANIPUR)-MYANMAR BORDER REGION
11/09/2012,18:09:48,24.6°N,93.7°E,33,3.7,MANIPUR
12/09/2012,19:29:54,36.7°N,71.4°E,175,5.2,"HINDU KUSH REGION, AFGHANISTAN"
14/09/2012,04:51:50,03.1°S,100.8°E,42,6.2,"SOUTHERN SUMATRA, INDONESIA"
16/09/2012,19:29:06,28.9°N,77.4°E,24,3.4,"BAGHPAT, UTTAR PRADESH"
18/09/2012,12:26:21,27.4°N,88.5°E,10,4.1,SIKKIM
18/09/2012,23:12:52,26.4°N,93.3°E,45,3.5,"KARBI ANGLONG (DIPHU), ASSAM"
20/09/2012,20:47:44,00.0°N,99.0°E,40,5.3,"NORTHERN SUMATRA, INDONESIA"
21/09/2012,14:20:42,26.2°N,95.2°E,96,4.1,MYANMAR-INDIA ( NAGALAND) BORDER REGION
25/09/2012,08:33:02,36.5°N,69.2°E,54,5.3,"HINDU KUSH REGION,  AFGHANISTAN"
25/09/2012,23:45:29,24.9°N,110.0°W,55,6.3,GULF OF CALIFORNIA
26/09/2012,23:39:57,51.6°N,178.2°W,30,6.8,"ALEUTIAN ISLANDS, ALASKA"
27/09/2012,23:53:55,08.8°S,157.1°E,36,6.0,SOLOMON ISLANDS
29/09/2012,11:24:29,06.2°N,92.8°E,15,5.5,NICOBAR ISLANDS
30/09/2012,16:31:32,02.0°N,76.3°W,130,7.3,COLOMBIA
01/10/2012,22:21:48,39.8°N,143.1°E,34,6.2,"OFF EAST COAST OF HONSHU, JAPAN"
02/10/2012,03:45:28,32.4°N,76.4°E,10,4.5,DISTT.(CHAMBA-LAHUL-SPITI BORDER REGION) H.P
02/10/2012,08:34:52,32.4°N,76.3°E,10,4.9,"DISTT( CHAMBA--LAHUL SPITI) ,HIMACHAL PRADESH"
02/10/2012,18:37:39,26.9°N,92.8°E,35,5.1,"SONITPUR, ASSAM"
03/10/2012,10:04:34,32.4°N,76.3°E,05,3.8,DIST( CHAMBA-LAHUL SPITI BORDER REGION) HIMACHAL PRADESH
03/10/2012,10:49:28,32.4°N,76.3°E,10,3.6,DISTT( CHAMBA-LAHUL SPITI BORDER REGION) HIMACHAL PRADESH
04/10/2012,15:00:44,32.4°N,76.3°E,05,3.0,"DHARMSHALA, H.P"
08/10/2012,06:26:25,25.3°N,109.2°W,16,6.1,GULF OF CALIFORNIA
08/10/2012,11:43:31,04.5°S,129.1°E,10,6.4,BANDA SEA
08/10/2012,17:46:21,32.0°N,78.6°E,10,4.7,INDIA ( H.P ) - TIBET BORDER REGION
09/10/2012,12:32:27,58.3°S,152.4°E,19,6.2,BALLENY ISLANDS REGION
11/10/2012,13:21:06,32.2°N,77.7°E,10,3.5,"DISTT LAHUL & SPITI, BORDER REGION, H.P."
11/10/2012,13:56:04,28.0°N,88.2°E,15,3.3,INDIA (SIKKIM) - TIBET BORDER REGION
11/10/2012,17:07:53,01.5°N,92.6°E,20,5.4,OFF  WEST COAST OF NORTHERN SUMATRA
11/10/2012,23:54:27,34.1°N,73.5°E,10,4.5,PAKISTAN - INDIA ( J&K ) BORDER
12/10/2012,00:31:28,04.9°S,134.0°E,10,6.7,KEPULAUAN ARU REGION INDONESIA
12/10/2012,23:16:15,24.7°N,93.6°E,10,4.2,"TAMENGLONG,  MANIPUR"
13/10/2012,09:05:09,27.0°N,92.7°E,20,3.7,"SONITPUR, ASSAM"
14/10/2012,08:51:54,12.6°N,75.6°E,05,3.9,"DAKSHIN KANNAD, KARNATAKA"
15/10/2012,23:43:45,35.9°N,69.6°E,100,5.2,"HINDUKUSH REGION,AFGHANISTAN"
16/10/2012,12:53:39,25.7°N,91.0°E,05,3.2,"WEST KHASI HILLS, MEGHALAYA"
17/10/2012,04:42:32,04.3°N,124.6°E,338,6.0,CELEBES SEA
17/10/2012,19:39:02,02.2°N,97.6°E,28,5.0,"NORTH ERN SUMATRA, INDONESIA"
17/10/2012,21:13:52,24.1°N,94.2°E,10,3.5,"MANIPUR,CHANDEL"
18/10/2012,02:33:27,23.8°N,81.4°E,27,5.0,"DISTT. - SHAHDOL, MADHYA PRADESH"
18/10/2012,05:32:18,25.7°N,91.8°E,10,3.2,"DISTT WEST KHASI HILLS, MEGHALAYA"
20/10/2012,01:31:55,24.1°N,94.2°E,98,3.7,"DISTT CHANDEL,MANIPUR"
20/10/2012,23:00:30,13.4°S,166.6°E,50,6.5,VANUATU ISLANDS
21/10/2012,07:54:47,13.9°N,96.1°E,20,4.7,ANDAMAN SEA
22/10/2012,06:56:51,28.0°N,87.8°E,68,3.9,NEPAL-INDIA (SIKKIM) BORDER REGION
22/10/2012,15:43:50,24.8°N,94.1°E,79,3.5,"IMPHAL-SENAPATI BORDER REGION, MANIPUR"
23/10/2012,08:53:39,29.1°N,139.3°E,440,6.0,"IZU ISLANDS, JAPAN REGION"
23/10/2012,09:39:31,22.3°S,171.7°E,129,6.1,SOUTHEAST OF LOYALITY ISLANDS
24/10/2012,00:45:39,10.0°N,85.5°W,70,6.3,COSTA RICA
24/10/2012,21:07:43,28.8°N,94.2°E,80,4.0,"WEST SIANG,  ARUNACHAL PRADESH"
26/10/2012,01:50:25,24.1°N,92.9°E,10,3.8,"AIZAWL, MIZORAM"
26/10/2012,04:10:52,30.2°N,79.6°E,05,3.5,"CHAMOLI DIST, UTTARANCHAL"
28/10/2012,03:04:17,52.9°N,132.0°W,76,7.7,QUEEN CHARLOTTE ISLANDS REGION
28/10/2012,03:08:49,10.4°N,92.4°E,10,5.3,"ANDAMAN ISLANDS , REGION"
28/10/2012,05:44:21,28.4°N,94.3°E,10,4.2,"WEST SIANG, ARUNACHAL PRADESH"
28/10/2012,12:11:15,36.5°N,71.2°E,201,5.2,HINDU KUSH REGION AFGHANISTAN
28/10/2012,18:54:21,52.6°N,132.6°W,10,6.3,QUEEN CHARLOTTE ISLANDS REGION
29/10/2012,02:22:46,00.9°N,93.4°E,60,5.3,"NORTHERN  SUMATRA, INDONESIA"
29/10/2012,06:23:06,16.2°N,79.7°E,10,3.9,"DIST. ,GUNTUR, ANDHRA PRADESH"
29/10/2012,00:34:56,25.7°N,91.8°E,05,3.4,"WEST KHASI HILLS, MEGHALAYA"
30/10/2012,01:40:24,26.2°N,92.4°E,15,3.9,"MARIGAON, ASSAM"
30/10/2012,02:49:01,52.4°N,131.7°W,10,6.2,QUEEN CHARLOTTE ISLANDS REGION
30/10/2012,13:52:57,22.7°N,77.5°E,10,2.9,"SEHORE - HOSHANGABAD BORDER REGION,  M.P"
30/10/2012,17:21:51,25.8°N,71.2°E,10,3.5,"BARMER, RAJASTHAN"
02/11/2012,18:17:35,09.3°N,126.2°E,45,6.3,"MINDANO, PHILIPPINES"
06/11/2012,06:17:37,10.0°N,57.2°E,33,5.8,CARLSBERG RIDGE
06/11/2012,12:21:12,32.3°N,76.2°E,05,4.1,"DISTTS(CHAMBA - KANGRA )BORDER REGION, HIMACHAL PRADESH"
07/11/2012,16:35:50,14.2°N,91.8°W,40,7.4,OFFSHORE GUATEMALA
08/11/2012,02:01:48,49.2°N,128.4°W,10,6.3,"VANCOUVER ISLAND, CANADA"
09/11/2012,05:44:34,36.9°N,73.5°E,10,4.3,INDIA (J&K) - PAKISTAN BORDER REGION
09/11/2012,19:59:50,01.0°N,97.5°E,25,5.3,"NORTHERN SUMATRA, INDONESIA"
11/11/2012,01:12:36,23.0°N,95.9°E,10,6.7,MYANMAR
11/11/2012,01:29:58,22.9°N,96.1°E,10,5.0,MYANMAR
11/11/2012,01:32:34,22.8°N,96.0°E,12,5.0,MYANMAR
11/11/2012,10:54:43,22.8°N,95.9°E,10,5.8,MYANMAR
11/11/2012,18:19:43,23.1°N,96.0°E,10,5.7,MYANMAR
11/11/2012,18:39:19,29.2°N,81.5°E,10,5.0,WESTERN  NEPAL
11/11/2012,20:23:12,32.3°N,76.2°E,05,4.0,"KANGRA,  HIMACHAL PRADESH"
11/11/2012,22:15:00,14.3°N,92.0°W,20,6.5,OFFSHORE GUATEMALA
12/11/2012,20:02:12,30.7°N,78.5°E,5,2.5,"DISTT. UTTARKASHI, UTTRAKHAND"
12/11/2012,20:42:15,57.8°N,142.7°W,10,6.2,GULF OF ALASKA
14/11/2012,22:10:04,23.3°N,91.5°E,10,3.5,SOUTH TRIPURA
15/11/2012,06:46:07,30.2°N,80.1°E,5,3.0,"DISTTS(PITHORAGARH-BAGESHWAR BORDER REGN,UTTRAKHAND"
15/11/2012,09:20:22,18.4°N,100.4°W,61,6.0,"GUERRERO, MEXICO"
16/11/2012,16:58:00,28.0°N,93.2°E,5,3.5,"LOWER SUBANSIRI, ARUNACHAL PRADESH"
16/11/2012,18:12:45,49.4°N,155.3°E,65,6.9,KURIL ISLANDS
19/11/2012,06:25:21,28.7°N,76.6°E,5.0,3.5,"DISTT ROHTAK, HARYANA"
19/11/2012,17:25:50,23.0°N,96.0°E,10,5.0,MYANMAR
19/11/2012,17:54:07,30.5°N,67.7°E,15,5.4,PAKISTAN
20/11/2012,04:15:35,22.1°N,75.6°E,28,3.3,"KASRAWAD TALUK, WEST NIMAR DISTT., M.P."
25/11/2012,06:01:44,23.7°N,91.5°E,15,4.2,WEST TRIPURA
26/11/2012,00:34:29,30.3°N,80.0°E,05,2.8,"BAGESHWAR, UTTARAKHAND"
26/11/2012,23:13:53,14.1°N,93.5°E,50,4.8,ANDAMAN ISLANDS
27/11/2012,12:15:15,30.9°N,78.4°E,12,4.8,"DISTT.UTTARKASHI, UTTARAKHAND"
28/11/2012,22:19:21,11.9°N,77.9°E,15,3.3,"DISTTS(DHARMAPURI--SALEM BORDER REGION),TAMILNADU"
29/11/2012,11:10:31,03.6°S,145.2°E,36,6.0,NEAR NORTH COAST OF NEW GUINA P.N.G
30/11/2012,03:52:22,25.9°N,95.7°E,10,4.7,MYANMAR
30/11/2011,04:59:20,24.5°N,94.4°E,06,3.5,MANIPUR(INDIA)-MYANMAR BORDER REGION
30/11/2012,19:39:29,27.3°N,88.3°E,10,4.1,"WEST, SIKKIM"
02/12/2012,00:54:27,17.0°S,167.7°E,66,6.3,VANUATU ISLANDS
05/12/2012,08:05:03,25.1°N,94.8°E,85,4.1,MYANMAR-INDIA (MANIPUR)BORDER REGION
06/12/2012,14:33:58,27.8°N,94.1°E,10,3.4,"LOWER SUBANSIRI, ARUNACHAL PRADESH"
07/12/2012,08:18:25,38.0°N,144.1°E,42,7.3,"OFF THE EAST COAST OF HONSHU, JAPAN"
07/12/2012,08:31:11,37.9°N,144.0°E,10,6.1,"OFF THE EAST COAST OF HONSHU, JAPAN"
07/12/2012,18:19:16,38.3°S,176.0°E,180,6.3,NORTH ISLAND OF NEW ZEALAND
08/12/2012,07:06:09,23.0°N,70.4°E,10,4.3,"RANN OF KACHCHH, GUJARAT"
10/12/2012,16:53:10,06.5°S,129.8°E,160,7.3,BANDA SEA
11/12/2012,07:19:05,23.5°N,93.4°E,23,3.8,INDIA (MIZORAM)-MYANMAR BORDER REGION
14/12/2012,10:36:07,31.3°N,119.5°W,50,6.4,OFF WEST COAST OF BAJA CALIFORNIA
15/12/2012,19:30:00,04.6°S,153.0°E,35,6.0,PAPUA NEW GUINEA
17/12/2012,09:16:31,00.7°S,123.8°E,50,6.0,SULAWESI . INDONESIA
19/12/2012,22:32:00,28.6°N,76.8°E,10,2.9,"DISTT JHAJJAR, HARYANA"
20/12/2012,03:44:15,28.6°N,76.7°E,20,2.7,"DISTT JHAJJAR,HARYANA"
20/12/2012,13:00:56,27.5°N,76.2°E,5.0,3.6,"DISTT JAIPUR,RAJASTHAN"
21/12/2012,07:59:45,25.6°N,94.1°E,10,3.6,"DISTT: KOHIMA,NAGALAND"
21/12/2012,22:28:09,14.3°S,167.2°E,200,6.6,VANUATU  ISLAND
22/12/2012,03:50:08,05.2°N,94.3°E,10,5.2,"NORTHERN SUMATRA , INDONESIA"
22/12/2012,16:41:44,22.5°N,94.8°E,115,5.7,MYANMAR
25/12/2012,17:36:28,28.5°N,66.5°E,10,5.0,PAKISTAN
26/12/2012,02:04:42,26.5°N,92.7°E,26,3.4,"NAGAON, ASSAM"
28/12/2012,02:46:08,26.3°N,92.8°E,40,3.4,"NAGAON, ASSAM"
29/12/2012,17:50:50,35.7°N,70.6°E,94,5.9,"HINDU KUSH REGION,  AFGHANISTAN"
30/12/2012,08:16:45,24.2°N,91.6°E,30,4.2,INDIA (TRIPURA)-BANGLADESH BORDER REGION
2013

30-12-2013,09:44:11,24.3°N,93.2°E,10,4.5,CHURACHANDPUR--MANIPUR
25-12-2013,02:56:52,31.2°N,78.3°E,10,4,"DISTRICT UTTARKASHI,  UTTARAKHAND"
21-12-2013,14:21:44,36.5°N,71.5°E,84,5.2,"HINDU KUSH REGION, AFGHANISTAN"
20-12-2013,03:04:33,14.4°N,93.0°E,12,5.1,NORTH ANDAMAN ISLANDS
20-12-2013,21:10:39,04.3°N,96.3°E,93,5.4,"NORTHERN SUMATRA,INDONESIA"
19-12-2013,19:28:41,27.5°N,67.6°E,10,5.5,PAKISTAN
17-12-2013,07:34:48,24.9°N,94.9°E,118,4.2,MYANMAR-INDIA (MANIPUR) BORDER REGION
17-12-2013,08:56:28,24.1°N,91.1°E,20,3.8,BANGLADESH-INDIA ( TRIPURA ) BORDER REGION
17-12-2013,14:45:52,31.5°N,78.0°E,10,3.3,"DISTT.KINNAUR, H.P."
16-12-2013,04:31:35,26.8°N,89.4°E,10,3.5,"JALPAIGURI, WEST BENGAL"
13-12-2013,10:21:48,27.8°N,95.4°E,10,3.5,"DHEMAJI, ASSAM"
09-12-2013,07:39:41,09.5°N,92.9°E,10,4.5,NICOBAR ISLANDS REGION
09-12-2013,08:38:58,35.4°N,77.4°E,10,3.8,JAMMU & KASHMIR REGION
09-12-2013,10:54:18,11.0°N,76.3°E,5,3.4,"DISTRICT MALAPPURAM , KERALA"
08-12-2013,04:33:31,11.1°N,76.3°E,5,3.2,"DISTRICT MALAPPURAM , KERALA"
07-12-2013,01:06:42,11.7°N,94.0°E,150,4.9,ANDAMAN ISLANDS
07-12-2013,04:41:50,24.2°N,91.4°E,10,3.8,BANGLADESH-INDIA(TRIPURA) BORDER REGION
06-12-2013,18:58:42,35.5°N,77.0°E,35,3.8,INDIA (J & K) - TIBET BORDER REGION
05-12-2013,18:11:07,36.7°N,73.4°E,65,4.7,NORTHERN KASHMIR (J& K)
04-12-2013,13:05:20,26.6°N,89.5°E,10,4.7,INDIA(WEST BENGAL)-BANGLADESH BORDER REGION
02-12-2013,07:35:00,02.2°N,96.7°E,39,5.5,"NORTHERN SUMATRA, INDONESIA"
01-12-2013,01:24:15,07.1°S,128.2°E,20,6.6,BANDA SEA
01-12-2013,06:30:02,02.1°N,96.9°E,40,5.8,"NORTHERN SUMATRA, INDONESIA"
30-11-2013,11:58:45,17.4°N,74.0°E,10,3.6,"KOYNA REGION, MAHARASHTRA"
29-11-2013,01:54:45,29.0°N,95.9°E,10,5,ARUNACHAL PRADESH-DIBANG VALLEY
28-11-2013,16:02:52,00.2°N,98.5°E,47,5.1,"NORTHERN SUMATRA, INDONESIA"
26-11-2013,01:04:18,35.2°N,77.4°E,10,4,EASTERN KASHMIR
25-11-2013,05:56:49,45.6°N,151.0°E,33,6,KURIL ISLANDS
25-11-2013,06:27:22,53.9°S,54.5°W,10,7,FALKLANDS ISLANDS REGION
23-11-2013,07:48:33,17.1°S,176.6°W,380,6.4,FIJI ISLANDS REGION
22-11-2013,17:20:57,05.4°N,92.7°E,12,5.4,OFF WEST COAST OF NORTHERN SUMATRA
21-11-2013,04:23:18,26.6°N,93.2°E,10,3.9,"NAGAON, ASSAM"
20-11-2013,10:09:21,12.5°N,95.2°E,14,5.4,ANDAMAN SEA
19-11-2013,13:32:55,2.7°N,128.4°E,67,6.3,"HALMAHERA, INDONESIA"
17-11-2013,09:04:57,60.4°S,46.5°W,10,7.5,SCOTIA SEA
16-11-2013,03:34:33,60.1°S,47.1°W,10,6.8,SCOTIA SEA
16-11-2013,10:26:43,04.3°N,90.1°E,10,5.5,OFF WEST COAST OF NORTHERN SUMATRA
16-11-2013,19:22:08,35.9°N,78.0°E,10,3.8,INDIA(JAMMU & KASHMIR)-CHINA BORDER REGION
15-11-2013,15:43:09,05.4°N,94.5°E,60,5.1,"NORTHERN  SUMATRA,INDONESIA"
15-11-2013,22:21:02,34.2°N,77.9°E,10,3.8,JAMMU & KASHMIR
13-11-2013,01:51:18,02.5°N,90.2°E,10,5.1,OFF WEST COAST OF NORTHERN SUMATRA
13-11-2013,23:33:41,30.0°N,79.2°E,5,3.3,"GARHWAL,UTTRAKHAND"
12-11-2013,07:03:52,54.8°N,161.9°E,55,6.6,"KAMCHATKA KRAI, RUSSIA"
12-11-2013,19:52:14,24.6°N,94.5°E,90,4,MYANMAR-INDIA(MANIPUR)BORDER REGION
11-11-2013,19:11:19,28.6°N,77.2°E,16,3.1,DELHI
11-11-2013,20:11:33,28.6°N,77.2°E,15,3.3,DELHI
11-11-2013,20:25:08,28.6°N,77.2°E,15,2.5,DELHI
11-11-2013,22:10:45,28.6°N,77.1°E,13,2.8,DELHI
10-11-2013,20:29:59,10.8°N,92.0°E,10,4.8,ANDAMAN ISLANDS
09-11-2013,12:46:57,17.1°N,73.9°E,5,3.5,"KOYNA, MAHARASHTRA"
06-11-2013,04:16:16,26.5°N,93.5°E,20,5.5,"KARBI ANGLONG, ASSAM"
06-11-2013,14:53:08,31.4°N,76.1°E,10,4.9,"HOSHIARPUR, PUNJAB"
04-11-2013,12:56:20,14.4°N,93.1°E,9,4.9,OFF NORTH COAST OF NORTH ANDAMAN ISLANDS REGION
03-11-2013,06:54:05,10.6°N,92.8°E,30,4.8,OFF EAST COAST OF LITTLE ANDAMAN
03-11-2013,08:18:38,36.1°N,74.6°E,10,4,"GILGIT REGION, JAMMU & KASHMIR"
02-11-2013,18:53:47,19.3°S,172.5°W,10,6.5,TONGA ISLANDS REGION
31-10-2013,12:02:08,23.6°N,121.5°E,10,6.4,TAIWAN
29-10-2013,07:51:00,22.9°N,94.2°E,46,4.7,MYANMAR REGION
28-10-2013,07:34:48,08.4°N,93.7°E,33,4.4,"NICOBAR ISLANDS, INDIA REGION"
26-10-2013,00:05:03,33.0°N,75.9°E,10,4,"BHADARWAH, JAMMU & KASHMIR"
26-10-2013,08:46:35,25.7°N,90.8°E,10,3.5,"EAST GARO HILLS, MEGHALAYA"
25-10-2013,17:10:15,37.2°N,144.7°E,10,7.3,"OFF EAST COAST OF HONSHU, JAPAN"
24-10-2013,09:12:41,35.5°N,77.4°E,23,4,INDIA (J & K)-CHINA BORDER
24-10-2013,17:57:35,14.3°N,93.0°E,10,5.4,NORTH OFF COAST OF ANDAMAN ISLANDS
23-10-2013,14:47:24,35.5°N,77.2°E,14,3.5,JAMMU & KASHMIR
22-10-2013,05:40:43,05.2°N,96.0°E,40,5.3,"NORTHERN SUMATRA, INDONESIA"
21-10-2013,02:27:11,35.1°N,77.1°E,12,5.4,EASTERN KASHMIR
20-10-2013,19:45:05,35.8°N,77.5°E,80,5.5,INDIA (KASHMIR ) - CHINA BORDER  REGION
18-10-2013,13:18:22,28.4°N,66.6°E,10,5.5,PAKISTAN
16-10-2013,07:02:44,27.6°N,92.7°E,10,3.5,"WEST KAMENG, ARUNACHAL PRADESH"
16-10-2013,30:53.0,06.5°S,155.0°E,33,6.9,PAPUA NEW GUINEA
15-10-2013,00:12:32,10.0°N,124.0°E,10,7,"MINDANAO, PHILLIPPINES"
13-10-2013,01:17:53,36.4°N,70.7°E,194,5.3,"HINDU KUSH REGION, AFGHANISTAN"
13-10-2013,17:32:48,04.2°N,96.1°E,66,5.7,"NORTHERN SUMATRA,INDONESIA"
12-10-2013,13:11:51,35.5°N,23.3°E,30,6.5,"CRETE, GREECE"
11-10-2013,18:05:34,28.8°N,76.7°E,10,3.3,DISTT. - ROHTAK (HARYANA)
09-10-2013,05:25:20,27.1°N,92.5°E,10,3.4,"WEST KAMENG, ARUNACHAL PRADESH"
07-10-2013,20:54:03,26.3°N,92.5°E,10,3.7,"NAGAON, ASSAM"
03-10-2013,06:12:40,27.4°N,88.5°E,10,5,SIKKIM
01-10-2013,03:38:21,53.2°N,152.8°E,567,6.8,SEA OF OKHOTSK
30-09-2013,05:55:53,30.8°S,178.3°W,26,6.5,"KERMADEC ISLANDS, NEW  ZEALAND"
28-09-2013,07:34:10,27.2°N,65.9°E,20,6.8,PAKISTAN
26-09-2013,05:30:07,24.1°N,93.3°E,15,3.5,"DISTT.CHURACHANDPUR, MANIPUR"
26-09-2013,02:47:43,12.7°N,79.3°E,5,3.3,"DISTT. TIRUVANNAMALAI, TAMIL NADU"
25-09-2013,16:42:43,15.8°S,74.5°W,34,6.9,NEAR COAST OF PERU
25-09-2013,16:47:40,30.9°N,76.7°E,10,3,"RUPNAGAR,PUNJAB"
25-09-2013,19:28:02,26.0°N,90.5°E,15,3.9,ASSAM-MEGHALAYA (EAST GARO HILLS)BORDER REGION
24-09-2013,11:29:48,27.0°N,65.7°E,10,7.4,PAKISTAN
24-09-2013,13:01:41,27.4°N,65.8°E,14,5.5,PAKISTAN
23-09-2013,13:26:07,26.2°N,79.4°E,5,3.5,"JALAUN, UTTAR PRADESH"
22-09-2013,06:06:34,05.3°N,94.4°E,10,4.8,"NORTHERN SUMATRA, INDONESIA"
20-09-2013,12:24:45,23.3°N,96.3°E,10,5.3,MYANMAR
17-09-2013,23:11:34,07.5°N,93.6°E,65,4.5,NICOBAR ISLANDS
12-09-2013,09:21:19,27.1°N,92.5°E,10,3.5,"WEST KAMENG,  ARUNACHAL PRADESH"
11-09-2013,10:09:41,10.7°N,92.1°E,10,4.3,ANDAMAN ISLANDS REGION
09-09-2013,11:58:17,27.4°N,92.4°E,33,4.8,"WEST KAMENG, ARUNACHAL PRADESH"
09-09-2013,12:51:45,27.0°N,92.5°E,10,3.6,"WEST KAMENG, ARUNACHAL PRADESH"
08-09-2013,13:40:57,25.6°N,91.9°E,10,3.5,"EAST KHASI HILLS, MEGHALAYA"
08-09-2013,17:30:20,36.5°N,70.2°E,209,5.2,"HINDUKUSH,AFGHANISTAN"
07-09-2013,00:13:30,14.6°N,91.9°W,66,6.3,GUATEMALA
07-09-2013,03:24:56,25.3°N,94.9°E,90,4.8,MYANMAR-INDIA BORDER REGION
05-09-2013,16:40:11,17.3°N,73.9°E,10,4,"KOYNA REGION, MAHARASHTRA"
05-09-2013,18:11:28,33.3°N,75.7°E,10,4.5,"KISHTWAR,J&K"
05-09-2013,18:35:42,30.9°N,78.5°E,11,3.5,"DIST. - UTTARKASHI, UTTARAKHAND"
04-09-2013,00:18:24,30.0°N,138.9°E,425,6.5,"IZU ISLANDS, JAPAN REGION"
04-09-2013,02:32:34,51.5°N,174.7°W,40,6.5,"ALEUTIAN ISLANDS, ALASKA"
03-09-2013,08:06:18,33.2°N,75.8°E,10,4.4,"KISHATWAR,J&K"
01-09-2013,03:35:39,26.4°N,93.5°E,30,3,"KARBI ANGLONG,ASSAM"
01-09-2013,11:51:31,07.6°S,128.3°E,110,6.5,"KEPULAUAN BARAT DAYA, INDONESIA"
31-08-2013,00:04:20,28.3°N,99.3°E,20,5.6,"YUNNAN, CHINA"
31-08-2013,03:55:06,24.6°N,94.2°E,8,3.7,"DISTT. CHANDEL, MANIPUR"
31-08-2013,21:06:32,28.9°N,94.4°E,30,3,INDIA(ARUNACHAL PRADESH)-CHINA BORDER REGION
30-08-2013,16:25:02,51.6°N,175.3°W,30,7,"ALEUTIAN ISLANDS, ALASKA"
29-08-2013,10:13:21,31.4°N,76.1°E,10,4.7,PUNJAB(DISTT. HOSHIARPUR) -H.P BORDER REGION
26-08-2013,08:12:09,26.3°N,94.7°E,24,3.3,"TUENSANG, NAGALAND"
25-08-2013,04:00:08,01.5°N,96.6°E,18,5.2,OFF WEST COAST OF NORTHERN SUMATRA
21-08-2013,06:57:20,26.7°N,92.5°E,30,4.2,"SONITPUR, ASSAM"
21-08-2013,08:41:51,26.7°N,92.4°E,22,3.9,"SONITPUR, ASSAM"
21-08-2013,12:38:37,17.0°N,99.1°W,33,6.1,"GURRERO,MEXICO"
21-08-2013,13:09:25,26.1°N,92.9°E,33,3.2,"NAGAON, ASSAM"
18-08-2013,11:00:40,27.3°N,88.7°E,6,3,"EAST GANGTOK, SIKKIM"
18-08-2013,11:12:20,26.5°N,93.1°E,10,3.1,"KARBI ANGLONG (DIPHU), ASSAM"
18-08-2013,23:53:27,33.3°N,76.0°E,18,4.6,"KISHTWAR, JAMMU & KASHMIR"
17-08-2013,04:24:07,05.4°N,94.4°E,10,5,"NORTHERN SUMATRA, INDONESIA"
17-08-2013,14:41:14,11.4°N,93.3°E,10,4.8,ANDAMAN ISLANDS
17-08-2013,16:32:34,34.9°S,54.0°E,36,6,SOUTHWEST INDIAN RIDGE
16-08-2013,02:31:21,41.8°S,173.4°E,33,6.5,NEW ZEALAND
14-08-2013,07:37:34,33.4°N,76.0°E,15,3.3,"KISHTWAR , JAMMU & KASHMIR"
13-08-2013,15:43:15,05.8°N,78.0°W,10,6.7,SOUTH OF PANAMA
12-08-2013,00:53:43,07.2°S,129.7°E,90,6.3,BANDA SEA
12-08-2013,04:16:48,30.5°S,179.8°W,345,6,KERMADEC ISLANDS REGION
12-08-2013,09:49:30,05.4°S,81.9°W,10,6.2,NEAR COAST OF NORTHERN PERU
11-08-2013,08:24:16,24.9°N,91.9°E,20,3.6,BANGLADESH-INDIA(MEGHALAYA) BORDER REGION
11-08-2013,21:23:41,30.1°N,98.0°E,10,5.7,XIZANG
05-08-2013,07:27:06,27.0°N,70.7°E,20,4,"DISTT.JAISALMER, RAJASTHAN"
05-08-2013,13:57:47,33.3°N,75.9°E,27,4.4,"KISHTWAR, JAMMU & KASHMIR"
03-08-2013,09:31:04,33.5°N,75.8°E,10,3.3,"KISHTWAR , JAMMU & KASHMIR"
02-08-2013,02:32:50,33.5°N,75.5°E,28,5.4,JAMMU & KASHMIR
02-08-2013,12:04:22,24.2°N,94.8°E,15,5,MYANMAR - INDIA (MANIPUR) BORDER REGION
02-08-2013,21:37:40,33.4°N,75.9°E,20,5.2,"KISHTWAR,JAMMU AND KASHMIR"
02-08-2013,22:42:05,33.4°N,75.9°E,10,3.7,"KISHTWAR,JAMMU AND KASHMIR"
30-07-2013,18:09:13,33.0°N,75.1°E,5,3.8,"UDHAMPUR, JAMMU & KASHMIR"
29-07-2013,08:07:59,36.6°N,70.6°E,180,5.5,"HINDUKUSH ,AFGHANISTAN"
22-07-2013,07:01:42,46.1°S,34.6°E,10,6,PRINCE EDWARD ISLANDS REGION
22-07-2013,09:07:19,33.0°N,75.5°E,10,3.7,"UDHAMPUR, JAMMU & KASHMIR"
21-07-2013,05:09:37,41.8°S,173.8°E,10,6.4,"COOK STRAIT, NEW ZEALAND"
21-07-2013,23:45:56,34.5°N,104.2°E,10,6.2,"GANSU, CHINA"
18-07-2013,12:55:28,28.7°N,76.6°E,10,3,"JHAJJAR, HARYANA"
16-07-2013,23:41:17,05.5°N,98.0°E,10,5.4,"NORTHERN SUMATRA, INDONESIA"
15-07-2013,14:03:43,60.8°S,24.8°W,24,7,SOUTH SANDWICH ISLANDS
15-07-2013,17:49:11,32.6°N,76.7°E,30,4.4,"LAHUL & SPITI, HIMACHAL PRADESH"
13-07-2013,17:49:33,32.2°N,76.3°E,10,4.5,"KANGRA, H.P."
13-07-2013,19:27:05,28.3°N,94.9°E,10,3.5,"WEST SIANG, ARUNACHAL PRADESH"
12-07-2013,07:01:30,26.3°N,90.8°E,10,3.6,"GOALPARA, ASSAM"
12-07-2013,09:43:14,26.2°N,92.0°E,10,3.5,"MARIGAON, ASSAM"
11-07-2013,07:49:09,26.5°N,93.5°E,19,3.2,"KARBI ANGLONG, ASSAM"
11-07-2013,16:01:34,30.4°N,79.1°E,5,3.2,"UKHIMATH(DISTT RUDRAPRAYAG),UTTARAKHAND"
11-07-2013,18:48:11,28.8°N,95.9°E,10,4,"DIBANG VALLEY, ARUNACHAL PRADESH"
11-07-2013,19:39:49,33.2°N,75.7°E,10,3.9,"DODA, JAMMU & KASHMIR"
09-07-2013,13:49:13,32.9°N,78.4°E,10,5.1,"J&K,H.P BORDER REGION"
08-07-2013,03:44:25,24.1°N,91.4°E,10,4.2,WEST TRIPURA
07-07-2013,15:41:30,26.4°N,93.3°E,30,3.5,"KARBI ANGLONG (DIPHU SUB DIV.), ASSAM"
07-07-2013,18:35:29,03.9°S,153.9°E,372,7.3,"NEW IRELAND REGION, P.N.G."
07-07-2013,20:30:08,05.9°S,149.7°E,75,6.8,PAPUA NEW GUINEA
06-07-2013,05:05:05,03.2°S,100.6°E,10,6,"SOUTHERN SUMATRA, INDONESIA"
05-07-2013,19:58:34,30.6°N,77.8°E,9,3,"CHAKRATA (DEHRADUN), UTTARAKHAND"
04-07-2013,17:15:58,07.0°S,155.5°E,53,6.1,SOLOMON  ISLANDS
04-07-2013,23:42:06,25.1°N,93.8°E,10,3.8,MANIPUR- SENAPATI
03-07-2013,07:04:17,36.5°N,70.5°E,206,5.1,"HINDU KUSH REGION, AFGHANISTAN"
02-07-2013,07:37:27,04.7°N,96.7°E,30,5.9,"NORTHERN SUMATRA, INDONESIA"
02-07-2013,13:55:45,04.7°N,96.8°E,10,5.3,"NORTHERN SUMATRA, INDONESIA"
02-07-2013,15:36:46,04.7°N,97.0°E,18,5.2,"NORTHERN SUMATRA, INDONESIA"
30-06-2013,02:44:21,21.9°N,74.9°E,9,3.3,"BARWANI, MADHYA PRADESH"
28-06-2013,11:40:48,28.7°N,82.2°E,10,5,NEPAL
27-06-2013,06:20:57,30.1°N,80.4°E,4,3.5,"PITHORAGARH,UTTARAKHAND"
26-06-2013,05:48:47,09.6°N,91.2°E,10,5.2,"NICOBAR ISLANDS REGION, INDIA"
24-06-2013,22:04:12,10.7°N,42.5°W,22,6.4,NORTHERN MID-ATLANTIC RIDGE
21-06-2013,20:51:56,36.9°N,73.3°E,35,5,"HINDURAJ MOUNTAINS, PAKISTAN"
18-06-2013,00:57:54,24.1°N,91.2°E,15,3.5,BANGLADESH - INDIA (TRIPURA) BORDER REGION
16-06-2013,00:39:22,27.5°N,92.4°E,5,3.7,"WEST KAMENG, ARUNACHAL PRADESH"
16-06-2013,21:39:07,34.5°N,25.1°E,30,6,"CRETE,  GREECE"
15-06-2013,00:10:34,24.5°N,93.5°E,20,3.5,CHURACHANDPUR--MANIPUR
15-06-2013,16:10:59,34.5°N,25.0°E,10,6,"CRETE,GREECE"
15-06-2013,17:34:32,11.8°N,87.1°W,70,6.2,NEAR COAST OF NICARAGUA
13-06-2013,16:47:24,10.0°S,107.3°E,10,6.7,"SOUTH OF JAVA, INDONESIA"
06-06-2013,13:03:29,10.9°N,91.5°E,20,4.5,ANDAMAN ISLANDS REGION
05-06-2013,04:47:26,11.3°S,166.3°E,44,6.1,SOLOMON ISLANDS
05-06-2013,22:04:00,32.8°N,76.3°E,10,4.5,"CHAMBA, HIMACHAL PRADESH"
04-06-2013,17:34:44,32.7°N,76.7°E,10,4.8,"LAHUL AND SPITI , HIMACHAL PRADESH"
04-06-2013,23:56:28,32.4°N,76.0°E,30,3.7,"DISTT. CHAMBA, HIMACHAL PRADESH"
03-06-2013,06:40:45,24.2°N,91.4°E,10,3.4,BANGLADESH---INDIA(TRIPURA) BORDER REGION
02-06-2013,05:43:05,23.9°N,121.3°E,10,6.4,TAIWAN
01-06-2013,13:28:57,22.1°N,88.7°E,28,3.6,"SOUTH 24 PARGANAS, WEST BENGAL"
31-05-2013,04:52:16,27.4°N,92.7°E,18,3.8,"WEST KAMENG, ARUNACHAL PRADESH"
26-05-2013,05:55:22,26.6°N,92.2°E,10,3.2,"DARRANG, ASSAM"
26-05-2013,06:08:14,40.0°N,67.5°E,10,6.1,SOUTHEASTERN UZBEKISTAN
24-05-2013,05:44:49,54.9°N,153.2°E,620,8.2,SEA OF OKHOTSK
24-05-2013,11:10:50,24.3°S,175.0°W,17,6.1,SOUTH OF TONGA ISLANDS
24-05-2013,14:56:30,52.2°N,151.5°E,617,6.8,SEA OF OKHOTSK
23-05-2013,17:18:49,23.0°S,177.2°W,143,7.6,SOUTH OF FIJI ISLANDS
23-05-2013,21:07:46,20.5°S,175.6°W,153,6.5,TONGA ISLANDS REGION
21-05-2013,05:43:17,52.5°N,160.0°E,10,6,OFF EAST COAST OF KAMCHATKA
20-05-2013,17:18:10,36.5°N,70.5°E,190,5.3,"HINDU KUSH REGION, AFGHANISTAN"
18-05-2013,05:47:55,37.7°N,141.4°E,10,6.2,"NEAR EAST COAST OF HONSHU, JAPAN"
15-05-2013,12:05:41,33.3°N,75.9°E,15,3.8,"KISHTWAR, JAMMU & KASHMIR"
14-05-2013,00:32:25,18.8°N,145.3°E,595,6.7,NORTHERN MARIANA ISLANDS
14-05-2013,19:58:24,33.2°N,76.1°E,10,4.4,J & K - H.P  BORDER REGION
14-05-2013,20:00:07,33.4°N,75.8°E,10,4.8,"KISHTWAR, JAMMU & KASHMIR"
14-05-2013,20:40:49,24.1°N,92.3°E,10,3.8,NORTH TRIPURA
14-05-2013,21:01:42,33.3°N,75.9°E,10,3.8,"KISHTWAR, JAMMU & KASHMIR"
11-05-2013,20:46:34,17.8°S,175.1°W,250,6.3,TONGA ISLANDS
05-05-2013,04:39:38,33.0°N,75.6°E,12,3.5,"BHADARWAH (DODA DISTRICT), J&K"
03-05-2013,01:38:15,33.4°N,75.8°E,5,3.7,"KISHTWAR, JAMMU & KASHMIR"
02-05-2013,00:30:09,33.2°N,75.8°E,10,3.9,J&K -H.P BORDER REGION
01-05-2013,06:57:12,33.1°N,75.8°E,15,5.8,J&K-H.P BORDER REGION
01-05-2013,08:42:43,33.1°N,75.8°E,10,3.7,J&K-H.P BORDER REGION
01-05-2013,09:19:49,33.1°N,75.7°E,10,4.6,J&K-H.P BORDER REGION
30-04-2013,09:41:52,33.1°N,76.1°E,10,4.1,J&K - H.P. BORDER REGION
29-04-2013,00:57:05,29.0°N,77.2°E,5,3,"SONIPAT,HARYANA"
28-04-2013,18:28:13,29.5°N,81.2°E,5,4,NEPAL
27-04-2013,02:48:07,27.4°N,92.5°E,5,3.6,"WEST KAMENG, ARUNACHAL PRADESH"
27-04-2013,03:17:09,27.5°N,92.5°E,5,4,"WEST KAMENG, ARUNACHAL PRADESH"
27-04-2013,05:16:53,27.5°N,92.5°E,10,4.7,"WEST KAMENG, ARUNACHAL PRADESH"
25-04-2013,14:55:01,24.7°N,91.7°E,10,3.1,INDIA (TRIPURA )--BANGLADESH BORDER
25-04-2013,14:38:40,29.5°N,80.4°E,15,3.2,NEPAL-INDIA (UTTRAKHAND) BORDER REGION
25-04-2013,14:52:27,32.4°N,76.0°E,5,3,"DISTT. CHAMBA,HIMACHAL PRADESH"
24-04-2013,09:25:29,34.5°N,70.2°E,66,5.7,"HINDU KUSH REGION, AFGHANISTAN"
21-04-2013,03:22:16,29.9°N,138.9°E,422,6.2,"IZU ISLANDS, JAPAN"
21-04-2013,10:22:11,26.5°N,93.1°E,34,3.4,"NAGAON, ASSAM"
20-04-2013,00:02:48,30.2°N,103.0°E,29,6.6,"SICHUAN,CHINA"
20-04-2013,13:12:47,50.4°N,157.3°E,10,6.1,KURIL ISLANDS
20-04-2013,14:24:58,27.3°N,88.5°E,2,3.2,"GANGTOK, SIKKIM"
19-04-2013,03:05:51,46.2°N,150.8°E,97,7.3,KURIL ISLANDS
19-04-2013,19:58:40,50.0°N,157.5°E,10,6.1,KURIL ISLANDS
17-04-2013,03:01:37,33.0°N,76.5°E,10,3.9,"CHAMBA, HIMACHAL PRADESH"
16-04-2013,01:23:19,26.3°N,92.0°E,16,4.6,ASSAM-DARRANG
16-04-2013,08:34:09,29.0°N,95.0°E,10,5,INDIA (ARUNACHAL PRADESH) - CHINA BORDER REGION
16-04-2013,10:44:11,28.0°N,62.1°E,46,7.8,PAKISTAN-IRAN BORDER REGION
16-04-2013,22:55:26,03.2°S,142.5°E,10,6.8,"NEAR NORTH COAST OF NEW GUINEA, P.N.G."
14-04-2013,01:32:24,06.4°S,154.5°E,41,6.5,"BOUGAINVILLE REGION,   P.N.G"
11-04-2013,03:47:03,19.3°N,95.7°E,12,5.4,MYANMAR
10-04-2013,20:10:01,29.0°N,76.6°E,10,3.5,"ROHTAK, HARYANA"
09-04-2013,11:52:55,28.5°N,51.6°E,42,6.2,SOUTHERN IRAN
09-04-2013,21:46:31,25.6°N,91.7°E,5,3.4,"WEST KHASI HILLS,MEGHALAYA"
06-04-2013,04:42:40,03.6°S,138.1°E,90,7.1,PAPUA INDONESIA
06-04-2013,22:29:31,30.5°N,79.1°E,10,4.3,"RUDRAPRAYAG, UTTARAKHAND"
05-04-2013,07:34:10,26.7°N,92.4°E,10,3.4,"SONITPUR, ASSAM"
05-04-2013,13:00:02,42.8°N,131.0°E,570,6.3,EASTERN RUSSIA - N.E. CHINA BORDER
05-04-2013,22:55:00,36.4°N,71.5°E,80,5.4,"HINDUKUSH REGION,AFGHANISTAN"
04-04-2013,06:31:37,36.1°N,71.6°E,237,5.8,"HINDU KUSH REGION, AFGHANISTAN"
04-04-2013,09:51:31,24.7°N,94.3°E,50,3.5,"UKHRUL, MANIPUR"
04-04-2013,15:16:26,19.3°N,95.7°E,40,5.4,MYANMAR
03-04-2013,03:48:02,27.6°N,92.7°E,10,3.5,"EAST KAMENG, ARUNACHAL PRADESH"
03-04-2013,16:35:48,19.3°N,95.2°E,10,5.5,MYANMAR
31-03-2013,14:43:21,27.2°N,75.0°E,5,2.3,"NEAR SAMBHAR LAKE, NAGAUR, RAJASTHAN"
30-03-2013,06:33:56,23.5°N,70.4°E,5,4,"RANN OF KACHCHH,GUJARAT"
27-03-2013,02:03:00,23.9°N,121.3°E,20,6.1,TAIWAN
25-03-2013,05:05:00,24.3°N,68.5°E,10,3.8,PAKISTAN-INDIA (GUJARAT)BORDER REGION
25-03-2013,16:53:35,26.5°N,93.5°E,7,3.2,KARBI ANGLONG ASSAM
25-03-2013,23:02:13,14.6°N,90.3°E,200,6,GUATEMALA
24-03-2013,00:17:32,30.0°N,80.6°E,5,2.9,DISTT-PITHURAGARH INDIA-NEPAL BORDER REGION
24-03-2013,04:18:33,50.7°N,160.2°E,10,6.2,EAST OF KURIL ISLAND
24-03-2013,08:13:45,20.8°S,173.3°E,5,6,VANUATU ISLAND
20-03-2013,02:10:27,12.7°N,93.6°E,96,4.8,OFF EAST COAST OF MIDDLE ANDMAN
12-03-2013,19:05:50,26.8°N,92.4°E,33,3.4,"SONNITPUR, ASSAM"
10-03-2013,22:51:49,6.5°S,148.2°E,36,6.3,"NEW BRITAIN,P.N.G,REGION"
06-03-2013,04:28:32,29.7°N,80.4°E,10,3.2,INDIA (UTTRAKHAND) NEPAL BORDER REGION
04-03-2013,11:39:32,25.5°N,91.6°E,20,3.2,"EAST KHASI HILLS,MEGHALAYA"
04-03-2013,16:05:27,26.1°N,91.4°E,5,4.1,DISTT-KAMRUP ASSAM
04-03-2013,20:15:53,25.0°N,93.0°E,33,3.9,"CACHAR, ASSAM"
02-03-2013,01:30:40,24.8°N,92.2°E,10,5.2,INDIA (KARIMGANJ)BANGALA DESH BORDER REGION
01-03-2013,17:53:49,50.9°N,157.5°E,22,6.3,KURIL ISLANDS
01-03-2013,13:20:47,51.0°N,157.6°E,33,6.6,KURIL ISLANDS
28-02-2013,03:09:49,17.7°S,167.3°E,20,6.1,VANUATU ISLANDS
28-02-2013,14:05:51,50.9°N,157.3°E,55,6.7,KURIL ISLANDS
28-02-2013,17:32:34,27.1°N,92.3°E,10,3.9,"WEST KAMENG, ARUNACHAL PRADESH"
27-02-2013,12:27:13,25.7°N,90.6°E,5,3.6,"EAST GARO HILLS, MEGHALAYA"
26-02-2013,17:26:35,11.2°N,75.8°E,15,3,"DISTRICT - KOZHIKODE,  KERALA"
25-02-2013,02:28:25,30.9°N,78.4°E,11,3.1,"DISTT. UTTARKASHI, UTTRAKHAND"
24-02-2013,00:57:17,26.3°N,75.6°E,5,4.1,"TONK, RAJASTHAN"
22-02-2013,12:01:58),27.8°S,63.1°W,570,6.1,"SANTIAGO DEL ESTERO, ARGENTINA"
20-02-2013,05:15:07,20.7°N,85.1°E,5,2.9,"ANUGUL DIST,ORISSA"
19-02-2013,21:05:11,25.4°N,89.1°E,10,4.5,BANGLADESH-INDIA(W.B) BORDER REGION
18-02-2013,12:19:17,30.7°S,178.1°W,33,6.1,"KERMADEC ISLANDS, NEW ZEALAND"
17-02-2013,01:35:08),36.5°N,71.7°E,100,5.2,"HINDU KUSH REGION,  AFGHANISTAN"
17-02-2013,16:27:07,30.9°N,78.4°E,10,3.2,"UTTARKASHI,UTTARAKHAND"
16-02-2013,04:37:40,05.8°N,125.8°E,119,6,"MINDANAO, PHILIPPINES"
14-02-2013,13:13:53,67.5°N,142.6°E,10,6.8,"SAKHA, RUSSIA"
11-02-2013,10:48:55,31.0°N,78.4°E,5,4.3,"UTTARKASHI, UTTARAKHAND"
11-02-2013,21:40:26,29.2°N,95.9°E,10,4,"DIBANG VALLEY, ARUNACHAL PRADESH"
10-02-2013,18:39:34,10.8°S,165.2°E,11,6.2,SANTA CRUZ ISLANDS
09-02-2013,14:16:03,01.1°N,77.4°W,108,6.9,COLOMBIA
09-02-2013,21:02:26,10.9°S,165.7°E,30,6.5,SANTA CRUZ ISLANDS
08-02-2013,11:12:14,10.8°S,165.7°E,10,7,SANTA CRUZ ISLANDS
08-02-2013,15:26:39,10.8°S,166.0°E,23,6.9,SANTA CRUZ ISLANDS
07-02-2013,00:41:37,01.7°N,98.1°E,93,5.2,"NORTHERN SUMATRA,INDONESIA"
07-02-2013,18:59:16,10.9°S,165.7°E,10,6.6,SANTA CRUZ ISLANDS
06-02-2013,01:12:28,10.7°S,165.0°E,10,7.9,SANTA CRUZ  ISLANDS
06-02-2013,05:29:22,15.5°N,80.0°E,5,2.9,"DISTT. PRAKASAM(ONGOLE),ANDHRA PRADESH"
06-02-2013,06:35:22,10.8°S,164.6°E,10,6.1,SANTA CRUZ  ISLANDS
06-02-2013,08:22:45,28.8°N,76.5°E,5,2.7,"DISTT. ROHTAK,HARYANA"
06-02-2013,13:54:56,10.9°S,166.6°E,21,6.1,SANTA CRUZ  ISLANDS
04-02-2013,01:19:28,11.7°N,92.7°E,10,4.8,"ANDAMAN ISLANDS, INDIA"
02-02-2013,14:17:34,42.9°N,143.0°E,100,6.9,"HOKKAIDO ,JAPAN REGION"
01-02-2013,05:36:44,11.3°S,165.5°E,26,6.2,SANTA CRUZ  ISLANDS
01-02-2013,22:16:41,10.7°S,165.5°E,40,6.5,SANTA CRUZ ISLANDS
31-01-2013,03:33:46,10.5°S,166.4°E,96,6.2,SANTA CRUZ ISLANDS
30-01-2013,20:15:39,28.0°S,70.5°W,15,6.7,"ATACAMA,CHILE"
30-01-2013,21:30:18,30.2°N,80.0°E,5,2.6,"BAGESHWAR,UTTARAKHAND"
29-01-2013,19:42:52,30.0°N,81.6°E,7,4,NEPAL
28-01-2013,16:38:52,42.6°N,79.7°E,10,6.1,"LAKE ISSYK-KUL REGION,KYRGYZSTAN"
26-01-2013,02:24:33,17.1°N,73.7°E,2,3.6,"KOYNA,MAHARASHTRA"
22-01-2013,15:09:22,36.4°N,68.9°E,45,5.2,HINDU KUSH
22-01-2013,23:54:33,07.5°N,93.7°E,60,4.5,NICOBAR ISLANDS
21-01-2013,22:22:50,04.9°N,96.1°E,36,6,NORTHERN SUMATRA INDONESIA
18-01-2013,12:42:49,31.1°N,99.4°E,10,5.6,"SICHUAN, CHINA"
13-01-2013,17:35:49,26.5°N,86.1°E,10,3,INDIA-NEPAL BORDER
11-01-2013,09:10:12,13.5°N,92.8°E,35,5,ANDAMAN ISLANDS
10-01-2013,13:47:02,04.9°N,95.3°E,10,5.7,"NORTHERN SUMATRA, INDONESIA"
10-01-2013,15:16:13,30.1°N,80.4°E,5,3.2,"PITHORAGARH, UTTARAKHAND"
09-01-2013,01:41:52,25.4°N,94.9°E,89,5.9,MYANMAR-INDIA BORDER REGION
08-01-2013,10:36:58,15.8°N,73.9°E,35,2.5,MAHARASHTRA-GOA BORDER REGION
07-01-2013,05:32:46,28.1°N,94.3°E,10,4.5,ARUNACHAL PRADESH
07-01-2013,07:06:47,28.1°N,94.4°E,10,3.9,ARUNACHAL PRADESH
07-01-2013,07:19:58,28.1°N,94.4°E,10,4.2,ARUNACHAL PRADESH
05-01-2013,08:58:19,55.9°N,134.9°W,10,7.5,SOUTHEASTERN ALASKA
03-01-2013,05:47:27,25.4°N,93.6°E,14,3.8,NAGALAND-MANIPUR ORDER
02-01-2013,14:53:41,27.3°N,88.6°E,10,3,"GANGTOK,SIKKIM"
02-01-2013,22:06:31,23.2°N,94.2°E,18,3.2,MYANMAR
02/01/0213,17:42:15,29.4°N,81.1°E,10,4.8,NEPAL
01-01-2013,14:43:41,26.3°N,93.2°E,35,3.5,DISTT-KARBI
